name,mode,c,rate,users,dur,limit_mib,gomemlimit,config,seed,peak_mib,oom_kills,kratos_exit,signups_ok,signup_fail,signup_rps,signup_mean_ms,signup_p50_ms,signup_p95_ms,signup_p99_ms,signup_max_ms,requests,failures
closed_c16_r2,closed,16,,,20,12288,,kratos.local.yml,102,3650.8,0,,13,0,0.6929363825865186,13532.524503230767,14000.0,18000.0,18000.0,17877.14746500001,42,0
open_r20_r0,open,,20,120,20,4096,,kratos.local.yml,200,4096.0,1,-9,0,1,0.05350559952155123,5943.000765000079,5900.0,5900.0,5900.0,5943.000765000079,101,1
open_r4_r0,open,,4,24,20,4096,,kratos.local.yml,200,2828.7,0,,40,0,2.112749585086862,5910.291861850006,6700.0,13000.0,14000.0,14377.301179999904,82,0
open_r4_r1,open,,4,24,20,4096,,kratos.local.yml,201,2418.6,0,,59,0,3.0545078287459275,3029.3624122372944,1900.0,9600.0,12000.0,12235.71938400005,118,0
open_r30_r1,open,,30,180,20,4096,,kratos.local.yml,201,4096.0,1,-9,0,154,7.700504150018595,12587.97246298052,14000.0,20000.0,20000.0,19841.529279000042,332,178
closed_c32_r2,closed,32,,,20,12288,,kratos.local.yml,102,4098.7,0,,0,0,,,,,,,32,0
gml1536MiB_c1_r1,closed,1,,,20,12288,1536MiB,kratos.local.yml,301,444.4,0,,105,0,5.252184494936804,186.90517895238597,170.0,220.0,630.0,639.2593059999854,211,0
open_r6_r2,open,,6,36,20,4096,,kratos.local.yml,202,3438.9,0,,22,2,1.2781931790754768,9585.114388916661,10000.0,17000.0,18000.0,18285.06724600015,68,2
gml768MiB_c4_r1,closed,4,,,20,12288,768MiB,kratos.local.yml,301,894.8,0,,110,0,5.913437618677695,647.3904628363553,510.0,2000.0,2400.0,2699.8726750000515,224,0
open_r8_r2,open,,8,48,20,4096,,kratos.local.yml,202,3913.1,0,,2,6,0.42444859203635704,12810.654884750022,14000.0,16000.0,16000.0,15854.753371000015,55,6
open_r6_r0,open,,6,36,20,4096,,kratos.local.yml,200,3846.1,0,,6,4,0.543744362739617,11015.102708200016,13000.0,16000.0,16000.0,15930.702803000031,49,4
open_r15_r1,open,,15,90,20,4096,,kratos.local.yml,201,4096.0,1,-9,0,3,0.16621907983813322,11313.183813333279,10000.0,14000.0,14000.0,14430.043138999963,81,3
gml768MiB_c2_r2,closed,2,,,20,12288,768MiB,kratos.local.yml,302,730.3,0,,112,0,5.909122926001364,330.53879003570745,280.0,830.0,1200.0,1172.860657000001,226,0
gml1536MiB_c4_r2,closed,4,,,20,12288,1536MiB,kratos.local.yml,302,1251.2,0,,95,0,4.999735620324184,759.3590145263076,520.0,1900.0,3900.0,3922.7328610002132,194,0
open_r75_r0,open,,75,450,20,4096,,kratos.local.yml,200,4096.0,1,-9,0,258,12.909589307538772,12401.286537228685,15000.0,18000.0,19000.0,18701.489634999918,781,523
closed_c8_r1,closed,8,,,20,12288,,kratos.local.yml,101,2052.9,0,,76,0,4.03095281932791,1832.238119763151,1400.0,4900.0,5500.0,5488.374689000011,160,0
closed_c2_r2,closed,2,,,20,12288,,kratos.local.yml,102,716.1,0,,112,0,5.931947239185978,331.1268179285797,280.0,800.0,1200.0,1176.9108109999706,226,0
open_r50_r0,open,,50,300,20,4096,,kratos.local.yml,200,4096.0,1,-9,0,206,10.314541367187099,10893.359406980591,12000.0,18000.0,19000.0,18667.805844999973,556,350
closed_c8_r2,closed,8,,,20,12288,,kratos.local.yml,102,2043.3,0,,66,0,3.479641167555448,2092.21785174242,1500.0,4800.0,5900.0,5947.746138999946,139,0
closed_c16_r1,closed,16,,,20,12288,,kratos.local.yml,101,3348.0,0,,33,0,1.7562997048137627,7877.7713559090835,8900.0,11000.0,15000.0,14554.195344999926,80,0
gml1536MiB_c16_r2,closed,16,,,20,12288,1536MiB,kratos.local.yml,302,2066.4,0,,36,0,1.9239406886562187,7476.5460547777475,7800.0,11000.0,11000.0,11191.875054999855,87,0
gml768MiB_c32_r0,closed,32,,,20,12288,768MiB,kratos.local.yml,300,4039.5,0,,0,0,,,,,,,32,0
gml768MiB_c1_r0,closed,1,,,20,12288,768MiB,kratos.local.yml,300,448.6,0,,98,0,5.175096858583603,189.7044075816485,170.0,200.0,650.0,652.008030999923,197,0
gml768MiB_c4_r2,closed,4,,,20,12288,768MiB,kratos.local.yml,302,869.9,0,,102,0,5.398134107692685,715.1789272450993,530.0,1700.0,2400.0,2444.6030870001323,208,0
gml768MiB_c32_r1,closed,32,,,20,12288,768MiB,kratos.local.yml,301,3988.2,0,,0,0,,,,,,,32,0
closed_c12_r0,closed,12,,,20,12288,,kratos.local.yml,100,2165.1,0,,79,0,4.183702550694799,2581.474663113928,1600.0,7700.0,8700.0,8697.309389999873,170,0
open_r50_r1,open,,50,300,20,4096,,kratos.local.yml,201,4096.0,1,-9,0,240,12.002588782773575,9986.421912225,9000.0,17000.0,18000.0,18066.060014999948,628,388
gml1536MiB_c2_r2,closed,2,,,20,12288,1536MiB,kratos.local.yml,302,722.9,0,,105,0,5.6907714193390095,343.6201840476292,270.0,880.0,1200.0,1245.2586469999005,212,0
gml768MiB_c2_r0,closed,2,,,20,12288,768MiB,kratos.local.yml,300,711.5,0,,122,0,6.154424485066396,318.36742293443774,280.0,510.0,1200.0,1227.279646999932,246,0
open_r15_r2,open,,15,90,20,4096,,kratos.local.yml,202,4096.0,1,-9,0,4,0.2105116629827077,13469.281168000009,14000.0,17000.0,17000.0,16628.52054399991,80,4
open_r2_r1,open,,2,20,20,4096,,kratos.local.yml,201,1366.1,0,,44,0,2.374698320290613,682.8263493636191,480.0,1800.0,2000.0,2011.2347489998683,88,0
closed_c4_r1,closed,4,,,20,12288,,kratos.local.yml,101,1277.4,0,,93,0,4.919655089877636,775.7709910967671,550.0,2200.0,2700.0,2655.141018999984,190,0
open_r75_r2,open,,75,450,20,4096,,kratos.local.yml,202,4096.0,1,-9,0,226,11.303224581092001,11302.507898575224,15000.0,18000.0,18000.0,18157.961790999936,783,557
closed_c16_r0,closed,16,,,20,12288,,kratos.local.yml,100,2962.5,0,,60,0,3.0011599851870505,4700.356190166654,3300.0,10000.0,15000.0,14667.835473999958,134,0
gml768MiB_c32_r2,closed,32,,,20,12288,768MiB,kratos.local.yml,302,3831.2,0,,0,0,,,,,,,32,0
closed_c4_r2,closed,4,,,20,12288,,kratos.local.yml,102,1286.7,0,,89,0,4.745280249223247,787.5384915393264,600.0,1900.0,2500.0,2490.6796290001694,182,0
closed_c3_r0,closed,3,,,20,12288,,kratos.local.yml,100,1121.4,0,,100,0,5.294537612211384,554.9990503300137,390.0,1500.0,1900.0,1941.165639000019,203,0
closed_c4_r0,closed,4,,,20,12288,,kratos.local.yml,100,1279.7,0,,97,0,5.191497885585622,736.3497048350301,530.0,2100.0,2400.0,2447.573015999751,198,0
closed_c12_r1,closed,12,,,20,12288,,kratos.local.yml,101,2158.5,0,,70,0,3.694507258064435,2920.382335071416,2100.0,7800.0,9700.0,9675.128588999996,152,0
closed_c2_r1,closed,2,,,20,12288,,kratos.local.yml,101,477.5,0,,122,0,6.451876922107808,304.693711680318,280.0,310.0,1200.0,1389.2782159996386,246,0
gml1536MiB_c2_r1,closed,2,,,20,12288,1536MiB,kratos.local.yml,301,730.1,0,,112,0,5.619452426846176,346.639560794622,280.0,1000.0,1200.0,1165.2288360000966,226,0
open_r6_r1,open,,6,36,20,4096,,kratos.local.yml,201,2906.8,0,,38,1,1.9589768019161196,7918.539073205117,7800.0,15000.0,15000.0,15128.292073000011,96,1
closed_c3_r1,closed,3,,,20,12288,,kratos.local.yml,101,1140.3,0,,89,0,4.710390409794806,619.2555737640218,410.0,1700.0,1800.0,1835.92696300002,181,0
open_r50_r2,open,,50,300,20,4096,,kratos.local.yml,202,4096.0,1,-9,0,193,9.653511400143534,11562.19473040934,10000.0,18000.0,19000.0,18693.24886200002,541,348
open_r8_r1,open,,8,48,20,4096,,kratos.local.yml,201,3873.8,0,,3,8,0.5888934003675729,11345.613267090937,10000.0,18000.0,18000.0,18363.82409099997,60,8
closed_c24_r0,closed,24,,,20,12288,,kratos.local.yml,100,3987.6,0,,22,0,1.3086791668889763,14655.852401909093,15000.0,15000.0,16000.0,15543.308282999988,68,0
gml768MiB_c4_r0,closed,4,,,20,12288,768MiB,kratos.local.yml,300,874.0,0,,113,0,5.694640902283362,668.7921451681314,510.0,1700.0,2600.0,2631.7865500000153,230,0
gml1536MiB_c1_r0,closed,1,,,20,12288,1536MiB,kratos.local.yml,300,449.2,0,,105,0,5.268721510939279,186.21637940950677,170.0,190.0,600.0,666.9995030001701,211,0
closed_c3_r2,closed,3,,,20,12288,,kratos.local.yml,102,1008.8,0,,108,0,5.474190923743731,529.7579322685175,390.0,1600.0,1800.0,1854.1503809997266,219,0
gml1536MiB_c32_r2,closed,32,,,20,12288,1536MiB,kratos.local.yml,302,3598.0,0,,0,0,,,,,,,32,0
open_r2_r0,open,,2,20,20,4096,,kratos.local.yml,200,1497.1,0,,31,0,1.6307375063863228,1666.0628238709571,1800.0,3400.0,5100.0,5061.94735400004,69,0
gml1536MiB_c8_r1,closed,8,,,20,12288,1536MiB,kratos.local.yml,301,1584.4,0,,83,0,4.356460432661917,1714.6212692529714,1300.0,4700.0,6400.0,6426.938033999704,174,0
closed_c32_r0,closed,32,,,20,12288,,kratos.local.yml,100,4217.1,0,,0,1,0.061357522068382145,16230.484691000129,16000.0,16000.0,16000.0,16230.484691000129,33,1
closed_c6_r2,closed,6,,,20,12288,,kratos.local.yml,102,1543.0,0,,83,0,4.498083883464577,1230.5286308915563,860.0,3500.0,4100.0,4054.6900949998417,172,0
open_r30_r0,open,,30,180,20,4096,,kratos.local.yml,200,4096.0,1,-9,0,141,7.063259997936906,11036.361072120535,11000.0,17000.0,18000.0,17902.125954999974,368,227
gml768MiB_c1_r2,closed,1,,,20,12288,768MiB,kratos.local.yml,302,444.9,0,,106,0,5.3130488979721635,184.50285086786403,170.0,200.0,600.0,608.5493269997642,213,0
closed_c8_r0,closed,8,,,20,12288,,kratos.local.yml,100,1889.8,0,,80,0,4.21655730282137,1721.1994393875557,1100.0,4600.0,6200.0,6214.5612809999875,167,0
closed_c6_r0,closed,6,,,20,12288,,kratos.local.yml,100,1615.5,0,,92,0,4.87124768274682,1150.5772756847914,810.0,3400.0,4500.0,4548.054065000088,190,0
open_r10_r2,open,,10,60,20,4096,,kratos.local.yml,202,4096.0,1,-9,0,2,0.10320457744331923,8370.66937700024,9300.0,9300.0,9300.0,9302.323682000406,58,2
open_r2_r2,open,,2,20,20,4096,,kratos.local.yml,202,969.4,0,,31,0,1.5924647756361705,491.93226280649765,290.0,1400.0,1500.0,1468.408307000118,65,0
gml768MiB_c8_r1,closed,8,,,20,12288,768MiB,kratos.local.yml,301,1050.8,0,,43,0,2.3396686995158675,2969.537775697666,3100.0,5100.0,7400.0,7401.196040999821,94,0
gml1536MiB_c16_r0,closed,16,,,20,12288,1536MiB,kratos.local.yml,300,2079.2,0,,30,0,1.5879246114299344,8444.587206100035,9000.0,9400.0,11000.0,10763.245604000076,75,0
open_r10_r1,open,,10,60,20,4096,,kratos.local.yml,201,3965.2,0,,0,7,0.36741849598920534,13404.874775285667,13000.0,17000.0,17000.0,16933.58018200024,66,7
gml768MiB_c1_r1,closed,1,,,20,12288,768MiB,kratos.local.yml,301,447.0,0,,105,0,5.251214803152918,186.59723283811522,170.0,200.0,580.0,655.7914520003578,211,0
gml1536MiB_c8_r2,closed,8,,,20,12288,1536MiB,kratos.local.yml,302,1671.6,0,,83,0,4.202295297383773,1785.938568265037,1200.0,4400.0,7500.0,7505.571006999617,174,0
gml1536MiB_c4_r0,closed,4,,,20,12288,1536MiB,kratos.local.yml,300,1249.0,0,,98,0,4.9022371702593786,776.5975569693965,530.0,2000.0,2500.0,2533.8360729997476,200,0
gml768MiB_c16_r0,closed,16,,,20,12288,768MiB,kratos.local.yml,300,2072.2,0,,19,0,0.957552703155857,11316.204211421025,10000.0,17000.0,17000.0,17347.39516899981,53,0
closed_c24_r1,closed,24,,,20,12288,,kratos.local.yml,101,3963.3,0,,23,1,1.2236696246871894,16624.92731687496,17000.0,19000.0,20000.0,19551.16289899979,67,1
open_r75_r1,open,,75,450,20,4096,,kratos.local.yml,201,4096.0,1,-9,0,307,15.371560404266907,9004.404404267112,7200.0,17000.0,17000.0,17241.331426000215,945,638
gml1536MiB_c32_r0,closed,32,,,20,12288,1536MiB,kratos.local.yml,300,3953.9,0,,0,0,,,,,,,32,0
gml1536MiB_c16_r1,closed,16,,,20,12288,1536MiB,kratos.local.yml,301,2079.2,0,,32,0,1.69681988043096,7653.082261968748,9200.0,10000.0,11000.0,10560.920236999664,79,0
gml768MiB_c8_r0,closed,8,,,20,12288,768MiB,kratos.local.yml,300,1045.5,0,,27,0,1.5388472054556996,4462.563494518538,4600.0,5500.0,5800.0,5769.181659999958,62,0
open_r8_r0,open,,8,48,20,4096,,kratos.local.yml,200,4005.7,0,,6,2,0.4139311232363821,14826.071442874932,16000.0,17000.0,17000.0,16951.720775000013,57,2
closed_c1_r0,closed,1,,,20,12288,,kratos.local.yml,100,447.9,0,,106,0,5.313896148878229,184.64834406604325,170.0,200.0,590.0,617.5194940001347,213,0
closed_c24_r2,closed,24,,,20,12288,,kratos.local.yml,102,4441.7,0,,16,2,0.9909746228365397,15183.727301277815,15000.0,18000.0,18000.0,18076.798385000075,59,2
gml768MiB_c16_r1,closed,16,,,20,12288,768MiB,kratos.local.yml,301,2012.3,0,,20,0,1.0140705509362222,11011.930067900017,11000.0,16000.0,16000.0,16359.998786000233,55,0
gml1536MiB_c2_r0,closed,2,,,20,12288,1536MiB,kratos.local.yml,300,473.4,0,,130,0,6.575660630104558,298.46653328462224,280.0,310.0,930.0,1146.4996640002028,262,0
open_r1_r2,open,,1,20,20,4096,,kratos.local.yml,202,949.8,0,,18,0,0.9238042745842827,513.6381622776803,590.0,1100.0,1100.0,1094.8512059999302,36,0
gml768MiB_c16_r2,closed,16,,,20,12288,768MiB,kratos.local.yml,302,2045.6,0,,16,0,1.1872579501233178,10541.761619374996,10000.0,12000.0,12000.0,12337.191424000139,48,0
gml768MiB_c8_r2,closed,8,,,20,12288,768MiB,kratos.local.yml,302,1050.4,0,,47,0,2.571734560884323,2841.6700538297673,2700.0,5100.0,5500.0,5543.17767800012,102,0
open_r1_r1,open,,1,20,20,4096,,kratos.local.yml,201,709.8,0,,21,0,1.0619851555667637,268.6373713333437,180.0,600.0,630.0,629.1707150003276,44,0
open_r20_r2,open,,20,120,20,4096,,kratos.local.yml,202,4096.0,1,-9,0,96,4.807632968297598,11919.577827677087,15000.0,18000.0,19000.0,18568.050532000143,232,136
closed_c6_r1,closed,6,,,20,12288,,kratos.local.yml,101,1652.8,0,,84,0,4.431609235804696,1227.1500721309883,800.0,3500.0,4900.0,4946.23011900012,174,0
closed_c2_r0,closed,2,,,20,12288,,kratos.local.yml,100,708.1,0,,108,0,5.699532335825576,344.9470608148086,290.0,1100.0,1200.0,1328.5380369998165,218,0
closed_c1_r1,closed,1,,,20,12288,,kratos.local.yml,101,444.2,0,,105,0,5.263604125342505,186.60531548569756,170.0,190.0,620.0,658.508578999772,211,0
closed_c1_r2,closed,1,,,20,12288,,kratos.local.yml,102,446.9,0,,106,0,5.32028735779015,184.35817996225336,170.0,190.0,600.0,640.1320859999942,213,0
open_r1_r0,open,,1,20,20,4096,,kratos.local.yml,200,952.3,0,,22,0,1.2375674910769439,467.9532615908267,280.0,1600.0,1700.0,1691.4705369999865,44,0
open_r20_r1,open,,20,120,20,4096,,kratos.local.yml,201,4096.0,1,-9,0,101,5.054358134009732,11276.16804519799,12000.0,19000.0,19000.0,19451.53326899981,228,127
gml1536MiB_c4_r1,closed,4,,,20,12288,1536MiB,kratos.local.yml,301,1245.1,0,,88,0,4.4392373573706765,853.9799453522766,620.0,2000.0,2600.0,2622.4262620003174,180,0
gml1536MiB_c1_r2,closed,1,,,20,12288,1536MiB,kratos.local.yml,302,444.5,0,,104,0,5.219981597073951,187.99758393266933,180.0,190.0,580.0,664.4019090003894,209,0
gml1536MiB_c8_r0,closed,8,,,20,12288,1536MiB,kratos.local.yml,300,1592.1,0,,82,0,4.105627012768806,1795.452789670729,1400.0,5300.0,6600.0,6612.547318999987,171,0
open_r4_r2,open,,4,24,20,4096,,kratos.local.yml,202,1898.4,0,,66,0,3.3426798354549496,1398.4923061666314,470.0,4300.0,5000.0,4985.42754600021,136,0
open_r30_r2,open,,30,180,20,4096,,kratos.local.yml,202,4096.0,1,-9,0,152,7.620971870535732,9911.00065887499,8600.0,18000.0,18000.0,18344.459180000285,361,209
closed_c12_r2,closed,12,,,20,12288,,kratos.local.yml,102,2184.1,0,,69,0,3.64731348880504,2927.222296362295,2000.0,8100.0,8400.0,8396.692955999697,148,0
gml768MiB_c2_r1,closed,2,,,20,12288,768MiB,kratos.local.yml,301,731.7,0,,115,0,6.063341290323684,323.7480080608848,280.0,850.0,990.0,1091.4769419996446,232,0
open_r10_r0,open,,10,60,20,4096,,kratos.local.yml,200,4096.0,2,-9,0,4,0.21520919483140283,13435.87940024986,15000.0,17000.0,17000.0,17121.342616999755,61,4
gml1536MiB_c32_r1,closed,32,,,20,12288,1536MiB,kratos.local.yml,301,3843.1,0,,0,0,,,,,,,32,0
open_r15_r0,open,,15,90,20,4096,,kratos.local.yml,200,4096.0,1,-9,1,74,3.7532881844277592,11753.796079199989,12000.0,18000.0,18000.0,17844.0661919999,182,106
closed_c32_r1,closed,32,,,20,12288,,kratos.local.yml,101,4364.9,0,,0,2,0.10321166931778475,18325.384092999913,19000.0,19000.0,19000.0,19288.72767799976,35,2
par3_c4_r0,closed,4,,,20,12288,,kratos.local.par3.yml,500,1457.2,0,,91,0,4.810967890093106,781.1605491428511,510.0,2300.0,2400.0,2367.4695870004143,186,0
par3_c4_r2,closed,4,,,20,12288,,kratos.local.par3.yml,502,1288.9,0,,100,0,5.156885707769378,749.3033245000332,560.0,2000.0,2400.0,2379.8253850000037,204,0
long_c4_r1,closed,4,,,60,12288,,kratos.local.yml,401,1313.5,0,,302,0,5.111612067212535,750.4447785231969,580.0,1600.0,2400.0,2513.3240889999797,608,0
par3_c2_r2,closed,2,,,20,12288,,kratos.local.par3.yml,502,737.1,0,,107,0,5.636189925524869,349.11012528972833,280.0,860.0,1100.0,1156.5482470005009,216,0
par3_c2_r1,closed,2,,,20,12288,,kratos.local.par3.yml,501,726.3,0,,106,0,5.626465478278559,346.76484446230944,290.0,850.0,1200.0,1229.3586929999947,214,0
long_c6_r1,closed,6,,,60,12288,,kratos.local.yml,401,1849.2,0,,311,0,5.269755945950568,1054.9024610739589,870.0,2300.0,3500.0,4201.772723999966,628,0
par3_c4_r1,closed,4,,,20,12288,,kratos.local.par3.yml,501,1284.8,0,,98,0,4.923352595419216,768.3095773877634,560.0,2200.0,2300.0,2346.4382680003837,200,0
long_c6_r0,closed,6,,,60,12288,,kratos.local.yml,400,1764.8,0,,297,0,5.028135100590712,1119.9957095791078,930.0,2200.0,3700.0,4717.3174069994275,600,0
long_c4_r0,closed,4,,,60,12288,,kratos.local.yml,400,1318.7,0,,305,0,5.168299113816713,744.9824665704681,560.0,1700.0,2400.0,2609.262898000452,614,0
par3_c2_r0,closed,2,,,20,12288,,kratos.local.par3.yml,500,731.1,0,,114,0,5.742051247872178,341.18492522812676,290.0,930.0,1200.0,1232.1052429997508,230,0
long_c8_r0,closed,8,,,60,12288,,kratos.local.yml,400,2229.8,0,,290,0,4.918196462867864,1508.9474235965536,1200.0,3700.0,5700.0,6094.689649999964,587,0
long_c8_r1,closed,8,,,60,12288,,kratos.local.yml,401,2181.5,0,,295,0,5.0370096057783,1486.1305292610455,1200.0,3800.0,5000.0,6137.61464900017,598,0
ver_1024_nogml_c8_r1,closed,8,,,20,1024,,kratos.local.yml,601,1024.0,1,-9,0,8,0.42031305215561365,4003.083440875116,4000.0,4000.0,4000.0,4007.3563669993746,30786,30778
ver_1024_900MiB_c4_r0,closed,4,,,20,1024,900MiB,kratos.local.yml,600,999.2,0,,94,0,5.131645309832668,735.4241120425537,490.0,2000.0,2600.0,2644.928296999751,192,0
ver_1536_1400MiB_c4_r1,closed,4,,,20,1536,1400MiB,kratos.local.yml,601,1256.2,0,,83,0,4.370123383122774,879.8251170120974,610.0,2300.0,2500.0,2469.0172380005606,169,0
ver_2048_1850MiB_c8_r0,closed,8,,,20,2048,1850MiB,kratos.local.yml,600,1906.9,0,,78,0,4.190876722508008,1756.6076475257387,1200.0,4800.0,5400.0,5423.032668000815,164,0
ver_2048_1850MiB_r2_r2,open,,2,20,20,2048,1850MiB,kratos.local.yml,602,1300.1,0,,40,0,2.1314235048914694,837.6514898750884,510.0,2400.0,2400.0,2395.088031999876,82,0
ver_1024_900MiB_r2_r1,open,,2,20,20,1024,900MiB,kratos.local.yml,601,907.7,0,,37,0,1.9550252568466402,476.845497081224,270.0,1500.0,1600.0,1552.3112030004995,75,0
ver_1536_1400MiB_r2_r0,open,,2,20,20,1536,1400MiB,kratos.local.yml,600,966.7,0,,27,0,1.6278326998252748,560.4124804813856,380.0,1500.0,1600.0,1572.8080600001704,54,0
ver_1536_1400MiB_c4_r0,closed,4,,,20,1536,1400MiB,kratos.local.yml,600,1244.2,0,,92,0,4.897815582903008,777.521777543449,550.0,2000.0,2400.0,2438.8585780006906,188,0
ver_1024_nogml_r4_r0,open,,4,24,20,1024,,kratos.local.yml,600,1024.0,1,-9,1,11,0.6312403157543031,2510.695452749966,2700.0,4700.0,4700.0,4669.975302999774,73,60
ver_1536_1400MiB_r2_r2,open,,2,20,20,1536,1400MiB,kratos.local.yml,602,1349.0,0,,40,0,2.1078248393349197,696.2794617001009,200.0,2000.0,2100.0,2081.8489729999783,80,0
ver_1536_1400MiB_r2_r1,open,,2,20,20,1536,1400MiB,kratos.local.yml,601,1201.2,0,,36,0,1.8232424833104333,660.5080978889267,630.0,1500.0,1600.0,1601.4251699998567,76,0
ver_2048_1850MiB_r4_r0,open,,4,24,20,2048,1850MiB,kratos.local.yml,600,1522.6,0,,43,0,2.291058536455547,1716.9628520232645,520.0,5600.0,6900.0,6858.826171999681,94,0
ver_2048_1850MiB_c8_r2,closed,8,,,20,2048,1850MiB,kratos.local.yml,602,1535.6,0,,92,0,4.869161101830443,1436.0798744565907,980.0,5000.0,5200.0,5178.323353000451,192,0
ver_1024_900MiB_c8_r1,closed,8,,,20,1024,900MiB,kratos.local.yml,601,1024.0,1,-9,0,8,0.4201587241403611,4395.543295124867,4400.0,4400.0,4400.0,4400.010639000357,30349,30341
ver_1024_nogml_c8_r2,closed,8,,,20,1024,,kratos.local.yml,602,1024.0,1,-9,0,8,0.42047108169486036,3823.291842999879,3800.0,3800.0,3800.0,3830.6831249992683,31757,31749
ver_1024_900MiB_r4_r0,open,,4,24,20,1024,900MiB,kratos.local.yml,600,955.3,0,,52,0,2.735301940457793,1132.4075602307262,620.0,4000.0,4600.0,4582.222964999346,109,0
ver_1024_900MiB_c4_r2,closed,4,,,20,1024,900MiB,kratos.local.yml,602,1022.6,0,,114,0,5.79119357298664,664.1462544034846,510.0,1600.0,2500.0,2524.058973999672,232,0
ver_1024_nogml_r2_r1,open,,2,20,20,1024,,kratos.local.yml,601,1024.0,1,-9,32,1,1.6944340183785058,873.8944106667766,680.0,2500.0,2700.0,2687.8972510003223,72,7
ver_1024_nogml_c8_r0,closed,8,,,20,1024,,kratos.local.yml,600,1024.0,1,-9,0,8,0.4202214879621632,3476.9552983751737,3500.0,3500.0,3500.0,3486.190698000428,31584,31576
ver_2048_1850MiB_r4_r1,open,,4,24,20,2048,1850MiB,kratos.local.yml,601,1913.8,0,,53,1,2.7199714702066564,2225.1171142963217,1600.0,5500.0,9600.0,9577.671401999396,115,1
ver_1024_nogml_c4_r1,closed,4,,,20,1024,,kratos.local.yml,601,1024.0,1,-9,15,4,0.998501441736791,1250.18612336843,860.0,2400.0,2400.0,2354.8659449998013,25649,25615
ver_1024_nogml_c4_r0,closed,4,,,20,1024,,kratos.local.yml,600,1024.0,1,-9,35,4,2.0503398754254922,839.0726029230372,520.0,2400.0,3000.0,2959.5412359994953,21086,21012
ver_1536_1400MiB_c8_r1,closed,8,,,20,1536,1400MiB,kratos.local.yml,601,1491.2,0,,86,0,4.325729262126293,1697.218226953494,1300.0,4600.0,5100.0,5078.871161999814,180,0
ver_1024_900MiB_r4_r2,open,,4,24,20,1024,900MiB,kratos.local.yml,602,1024.0,1,-9,0,14,0.710155434835033,3466.5328130002176,3700.0,5100.0,5100.0,5102.615251000316,82,68
ver_1536_1400MiB_r4_r1,open,,4,24,20,1536,1400MiB,kratos.local.yml,601,1521.1,0,,62,0,3.1361304796599967,2159.246982354885,2100.0,6500.0,7100.0,7119.510016999811,131,0
ver_1024_900MiB_r2_r2,open,,2,20,20,1024,900MiB,kratos.local.yml,602,965.0,0,,34,0,1.794405092179628,912.9811948822969,580.0,2200.0,3300.0,3335.876093000479,71,0
ver_1024_900MiB_r4_r1,open,,4,24,20,1024,900MiB,kratos.local.yml,601,1024.0,1,-9,41,12,2.7139846357619777,1408.4304422076286,1200.0,3600.0,4000.0,3987.9805520004084,119,25
ver_1024_900MiB_c4_r1,closed,4,,,20,1024,900MiB,kratos.local.yml,601,1010.1,0,,95,0,5.026625826489058,764.901285852657,560.0,1900.0,2600.0,2615.2075340005467,194,0
ver_2048_1850MiB_r2_r0,open,,2,20,20,2048,1850MiB,kratos.local.yml,600,965.5,0,,27,0,1.4625495922617442,631.1679197778749,500.0,1600.0,2300.0,2258.712533000107,54,0
ver_1536_1400MiB_c8_r2,closed,8,,,20,1536,1400MiB,kratos.local.yml,602,1502.3,0,,88,0,4.417846426760477,1656.4949106022336,1400.0,4700.0,6400.0,6380.3328209996835,183,0
ver_1024_nogml_r2_r2,open,,2,20,20,1024,,kratos.local.yml,602,1024.0,1,-9,5,7,0.6731303610610273,1903.882284999933,2000.0,4100.0,4100.0,4069.6671879995847,49,32
ver_1024_nogml_r2_r0,open,,2,20,20,1024,,kratos.local.yml,600,973.0,0,,26,0,1.4059150668081624,694.7008546924105,580.0,1900.0,2100.0,2080.776810000316,52,0
ver_1024_900MiB_c8_r0,closed,8,,,20,1024,900MiB,kratos.local.yml,600,1024.0,1,-9,0,8,0.4203919625359084,3980.9777027498967,4000.0,4000.0,4000.0,3990.2420799999163,31235,31227
ver_1536_1400MiB_c8_r0,closed,8,,,20,1536,1400MiB,kratos.local.yml,600,1515.2,0,,89,0,4.679694067426557,1587.5664006967138,1200.0,4600.0,5900.0,5890.447031999429,184,0
ver_1024_nogml_r4_r1,open,,4,24,20,1024,,kratos.local.yml,601,1024.0,1,-9,6,8,0.7376140790820342,1718.8288784999324,1800.0,3400.0,3400.0,3430.9799120001117,92,72
ver_2048_1850MiB_c4_r2,closed,4,,,20,2048,1850MiB,kratos.local.yml,602,1261.0,0,,82,0,4.3607203078244465,875.6683953170622,610.0,2100.0,2500.0,2452.229974999682,168,0
ver_1024_900MiB_r2_r0,open,,2,20,20,1024,900MiB,kratos.local.yml,600,924.5,0,,26,0,1.4050420790837672,719.9208126923203,560.0,1800.0,2100.0,2078.9768660006303,52,0
ver_1536_1400MiB_c4_r2,closed,4,,,20,1536,1400MiB,kratos.local.yml,602,1284.0,0,,100,0,5.023896574929466,765.6420649100526,560.0,2000.0,2700.0,2658.3717879993856,204,0
ver_2048_1850MiB_r2_r1,open,,2,20,20,2048,1850MiB,kratos.local.yml,601,1234.7,0,,32,0,1.6896805463982085,837.7662079687695,670.0,2000.0,2100.0,2113.7937839994265,66,0
ver_1536_1400MiB_r4_r2,open,,4,24,20,1536,1400MiB,kratos.local.yml,602,1427.6,0,,65,0,3.3062969373789257,1832.0968970307708,470.0,6100.0,8500.0,8497.350627000742,130,0
ver_1536_1400MiB_r4_r0,open,,4,24,20,1536,1400MiB,kratos.local.yml,600,1435.7,0,,64,0,3.2028413802704616,1377.6245521407295,940.0,3400.0,4900.0,4878.158000999974,130,0
ver_2048_1850MiB_c4_r0,closed,4,,,20,2048,1850MiB,kratos.local.yml,600,1272.3,0,,101,0,5.310313489036785,718.089231237587,520.0,1800.0,2400.0,2466.1150709998765,205,0
ver_1024_900MiB_c8_r2,closed,8,,,20,1024,900MiB,kratos.local.yml,602,1024.0,1,-9,0,8,0.4202733843543379,4492.386019124979,4500.0,4500.0,4500.0,4502.643824999723,29801,29793
ver_1024_nogml_c4_r2,closed,4,,,20,1024,,kratos.local.yml,602,1024.0,1,-9,46,4,2.6286472249613992,743.281846500031,530.0,1900.0,2100.0,2079.7804650001126,18924,18828
ver_2048_1850MiB_r4_r2,open,,4,24,20,2048,1850MiB,kratos.local.yml,602,1890.5,0,,49,0,2.453736382371648,2866.1369882041317,1600.0,7400.0,9600.0,9558.964231000573,105,0
ver_2048_1850MiB_c8_r1,closed,8,,,20,2048,1850MiB,kratos.local.yml,601,1923.7,0,,81,0,4.287381517762172,1657.572075160502,1100.0,4500.0,8800.0,8754.421964999892,170,0
ver_1024_nogml_r4_r2,open,,4,24,20,1024,,kratos.local.yml,602,1024.0,1,-9,0,14,0.7463253581809111,2451.396569499983,2100.0,4200.0,4200.0,4184.250453999994,85,71
ver_2048_1850MiB_c4_r1,closed,4,,,20,2048,1850MiB,kratos.local.yml,601,1260.6,0,,96,0,5.078533498115402,751.3044036562156,580.0,1900.0,2500.0,2450.453352000295,196,0
hash_m64t3_c16_r2,closed,16,,,20,1024,900MiB,kratos.local.m64t3.yml,702,1001.1,0,,164,0,8.655898994146943,1668.8318578170708,1200.0,5800.0,6500.0,6611.421047000022,344,0
hash_m64t6_c16_r1,closed,16,,,20,1024,900MiB,kratos.local.m64t6.yml,701,1024.0,1,-9,0,16,0.8402420423843991,4940.9083179999925,5000.0,5000.0,5000.0,4984.42576299999,28276,28260
hash_owasp_c4_r1,closed,4,,,20,1024,900MiB,kratos.local.owasp.yml,701,383.5,0,,728,0,36.4024739563945,102.41334206593334,82.0,250.0,300.0,564.624078999941,1459,0
hash_m64t6_c4_r1,closed,4,,,20,1024,900MiB,kratos.local.m64t6.yml,701,672.1,0,,105,0,5.5375261637225845,691.7867897333344,560.0,1400.0,1600.0,1673.2140099999242,214,0
hash_owasp_r4_r2,open,,4,24,20,1024,900MiB,kratos.local.owasp.yml,702,175.9,0,,61,0,3.1241271701630984,75.14015996720758,61.0,96.0,330.0,331.5732859999798,122,0
hash_owasp_c4_r0,closed,4,,,20,1024,900MiB,kratos.local.owasp.yml,700,383.4,0,,746,0,37.30573509645228,100.21983277077678,81.0,240.0,340.0,513.6034380000183,1495,0
hash_m64t6_c4_r0,closed,4,,,20,1024,900MiB,kratos.local.m64t6.yml,700,713.4,0,,115,0,6.045093396384268,639.4447515043411,500.0,1500.0,1600.0,1893.8626730000578,234,0
hash_m64t6_c8_r0,closed,8,,,20,1024,900MiB,kratos.local.m64t6.yml,700,984.3,0,,114,0,5.709772068934354,1299.96775174561,1100.0,3000.0,3700.0,3665.3647300000785,236,0
hash_m64t6_r4_r2,open,,4,24,20,1024,900MiB,kratos.local.m64t6.yml,702,737.7,0,,47,0,2.5274087651667445,707.5654059787323,560.0,1600.0,1700.0,1749.741039000014,94,0
hash_m64t3_c16_r1,closed,16,,,20,1024,900MiB,kratos.local.m64t3.yml,701,1005.2,0,,149,0,7.843968816325533,1798.5330571744935,1300.0,6000.0,7100.0,7119.788971000048,312,0
hash_owasp_c16_r0,closed,16,,,20,1024,900MiB,kratos.local.owasp.yml,700,644.0,0,,648,0,34.05149640665754,418.7899871913573,350.0,910.0,1500.0,2038.056992999941,1310,0
hash_m64t3_c4_r1,closed,4,,,20,1024,900MiB,kratos.local.m64t3.yml,701,727.6,0,,200,0,10.061394405552921,380.31593017000034,270.0,890.0,1300.0,1305.4924709999796,404,0
hash_m64t6_c16_r0,closed,16,,,20,1024,900MiB,kratos.local.m64t6.yml,700,1024.0,1,-9,0,16,0.8387949336278369,4840.5562179374965,4800.0,4900.0,4900.0,4853.567576999922,28393,28377
hash_m64t6_c16_r2,closed,16,,,20,1024,900MiB,kratos.local.m64t6.yml,702,1024.0,1,-9,0,16,0.840513112195195,4624.8143368750125,4700.0,4700.0,4700.0,4747.660005000057,29110,29094
hash_owasp_c16_r1,closed,16,,,20,1024,900MiB,kratos.local.owasp.yml,701,699.1,0,,671,0,33.5590812581129,429.95574479880946,350.0,1100.0,1400.0,1488.1411940000362,1354,0
hash_m64t6_r2_r1,open,,2,20,20,1024,900MiB,kratos.local.m64t6.yml,701,394.2,0,,34,0,1.8401149243941854,291.73591514705777,220.0,830.0,830.0,830.0578860000769,68,0
hash_m64t3_c4_r2,closed,4,,,20,1024,900MiB,kratos.local.m64t3.yml,702,711.4,0,,200,0,10.561026854236113,358.77746286499774,260.0,800.0,1400.0,1357.967447999954,404,0
hash_m64t6_r2_r2,open,,2,20,20,1024,900MiB,kratos.local.m64t6.yml,702,519.8,0,,21,0,1.1180172208426746,401.003284857146,370.0,1100.0,1100.0,1091.64917399994,42,0
hash_m64t6_r4_r1,open,,4,24,20,1024,900MiB,kratos.local.m64t6.yml,701,849.3,0,,55,0,2.9437890864891507,994.0558360727416,430.0,2800.0,3200.0,3151.211336000074,110,0
hash_m64t3_c16_r0,closed,16,,,20,1024,900MiB,kratos.local.m64t3.yml,700,1024.0,0,,172,0,9.052365432385294,1585.2221899825465,1200.0,5400.0,5800.0,7009.213766999892,357,0
hash_owasp_r4_r1,open,,4,24,20,1024,900MiB,kratos.local.owasp.yml,701,140.8,0,,66,0,3.4728739494356122,68.98916909090696,60.0,100.0,250.0,254.35056799983613,132,0
hash_m64t6_c8_r2,closed,8,,,20,1024,900MiB,kratos.local.m64t6.yml,702,915.0,0,,119,0,5.966254446804742,1231.8481129579766,1100.0,2800.0,3600.0,3802.72654700002,246,0
hash_m64t3_c4_r0,closed,4,,,20,1024,900MiB,kratos.local.m64t3.yml,700,681.1,0,,206,0,10.844109793479415,350.86476260193035,270.0,820.0,1200.0,1248.3851619999768,416,0
hash_m64t3_r4_r1,open,,4,24,20,1024,900MiB,kratos.local.m64t3.yml,701,523.0,0,,71,0,3.746383723696455,264.56742111266146,160.0,720.0,860.0,856.9699170000149,143,0
hash_m64t6_c8_r1,closed,8,,,20,1024,900MiB,kratos.local.m64t6.yml,701,959.7,0,,112,0,5.89538836084283,1242.2682420982132,1100.0,2900.0,4100.0,4662.843543999998,231,0
hash_owasp_c8_r1,closed,8,,,20,1024,900MiB,kratos.local.owasp.yml,701,448.5,0,,663,0,34.86142259349813,205.01493243740305,170.0,450.0,750.0,929.1254180000124,1334,0
hash_m64t6_c4_r2,closed,4,,,20,1024,900MiB,kratos.local.m64t6.yml,702,703.5,0,,121,0,6.078947767161292,621.9785696033014,520.0,1200.0,1600.0,1559.3896380000842,246,0
hash_m64t3_r2_r2,open,,2,20,20,1024,900MiB,kratos.local.m64t3.yml,702,389.7,0,,23,0,1.239138169948105,189.19354239128353,100.0,720.0,720.0,721.3038259999394,46,0
hash_m64t3_c8_r0,closed,8,,,20,1024,900MiB,kratos.local.m64t3.yml,700,965.8,0,,177,0,9.303075864651435,774.9168140113002,590.0,1900.0,3100.0,3864.1200439999466,360,0
hash_owasp_r2_r2,open,,2,20,20,1024,900MiB,kratos.local.owasp.yml,702,125.1,0,,21,0,1.1186387698745797,81.42283638097156,60.0,260.0,270.0,266.6943540000375,42,0
hash_owasp_r2_r0,open,,2,20,20,1024,900MiB,kratos.local.owasp.yml,700,119.7,0,,51,0,2.7007794337978477,65.67070741177268,60.0,120.0,180.0,175.77028400000927,102,0
hash_m64t3_r4_r2,open,,4,24,20,1024,900MiB,kratos.local.m64t3.yml,702,538.0,0,,56,0,2.9461315465832505,293.78178198214755,160.0,1200.0,1200.0,1236.453173999962,114,0
hash_m64t3_r4_r0,open,,4,24,20,1024,900MiB,kratos.local.m64t3.yml,700,958.7,0,,66,0,3.5397777936536765,535.9447696060589,360.0,1600.0,1900.0,1903.6096419999922,132,0
hash_m64t6_r2_r0,open,,2,20,20,1024,900MiB,kratos.local.m64t6.yml,700,528.8,0,,47,0,2.4728531592355196,421.8352027872419,360.0,960.0,1100.0,1051.960925000003,95,0
hash_owasp_c16_r2,closed,16,,,20,1024,900MiB,kratos.local.owasp.yml,702,633.5,0,,674,0,33.65320425434765,417.40031389613483,350.0,900.0,1400.0,1624.5045690000097,1361,0
hash_owasp_c4_r2,closed,4,,,20,1024,900MiB,kratos.local.owasp.yml,702,387.3,0,,664,0,34.96526572772452,107.0914505346368,85.0,270.0,350.0,460.03780299997743,1332,0
hash_m64t6_r4_r0,open,,4,24,20,1024,900MiB,kratos.local.m64t6.yml,700,664.7,0,,72,0,3.6368908258295964,752.0790733610928,390.0,2400.0,2800.0,2794.1319029998795,146,0
hash_owasp_r4_r0,open,,4,24,20,1024,900MiB,kratos.local.owasp.yml,700,169.9,0,,78,0,4.20789782972857,65.4233736538397,59.0,120.0,190.0,189.8640689998956,156,0
hash_owasp_c8_r2,closed,8,,,20,1024,900MiB,kratos.local.owasp.yml,702,472.3,0,,703,0,35.182596065803025,204.96263440113287,160.0,470.0,720.0,935.1981889999479,1412,0
hash_owasp_c8_r0,closed,8,,,20,1024,900MiB,kratos.local.owasp.yml,700,458.3,0,,742,0,37.10695505922313,196.1453739312651,160.0,450.0,690.0,828.3265029999711,1490,0
hash_m64t3_r2_r1,open,,2,20,20,1024,900MiB,kratos.local.m64t3.yml,701,263.2,0,,32,0,1.6836176922940773,151.06271081248934,100.0,620.0,630.0,632.2203859999718,65,0
hash_m64t3_c8_r1,closed,8,,,20,1024,900MiB,kratos.local.m64t3.yml,701,985.2,0,,168,0,8.841590245624339,820.3197046964292,620.0,2000.0,2900.0,3732.5336489998335,344,0
hash_owasp_r2_r1,open,,2,20,20,1024,900MiB,kratos.local.owasp.yml,701,132.0,0,,38,0,1.998632287830844,71.3148687368271,57.0,270.0,300.0,302.0333169999958,76,0
hash_m64t3_c8_r2,closed,8,,,20,1024,900MiB,kratos.local.m64t3.yml,702,970.1,0,,196,0,10.555861692928486,697.6592301581584,580.0,1700.0,2800.0,2916.436271000066,400,0
hash_m64t3_r2_r0,open,,2,20,20,1024,900MiB,kratos.local.m64t3.yml,700,469.2,0,,45,0,2.371153933344688,275.48615868892944,200.0,700.0,820.0,824.2204840000795,92,0
cal224_1536_r4_r2,open,,4,24,20,1536,1400MiB,kratos.local.cal224.yml,802,1536.0,1,-9,0,15,0.8006449898107462,5419.443116600004,5400.0,9700.0,9700.0,9678.477826000006,64,49
cal224_1024_r2_r2,open,,2,20,20,1024,900MiB,kratos.local.cal224.yml,802,1024.0,1,-9,2,8,0.5011208510628028,2664.3799110000036,2100.0,5100.0,5100.0,5084.812223000028,37,25
cal224_1536_r2_r0,open,,2,20,20,1536,1400MiB,kratos.local.cal224.yml,800,1536.0,1,-9,0,14,0.705704163134055,6283.728751500003,7100.0,10000.0,10000.0,10222.086021999985,45,31
cal224_1536_c8_r0,closed,8,,,20,1536,1400MiB,kratos.local.cal224.yml,800,1536.0,1,-9,0,8,0.42041634991340815,8339.099121874988,8400.0,8400.0,8400.0,8363.875815999962,20911,20903
cal224_1024_c4_r1,closed,4,,,20,1024,900MiB,kratos.local.cal224.yml,801,987.6,0,,32,0,1.7865589023213333,2197.6280445312514,1800.0,5900.0,5900.0,5857.846748000043,68,0
cal224_1536_r2_r1,open,,2,20,20,1536,1400MiB,kratos.local.cal224.yml,801,1536.0,1,-9,0,14,0.7627779988609041,5893.483171928579,6200.0,10000.0,10000.0,9954.52836200002,46,32
cal224_1024_r4_r0,open,,4,24,20,1024,900MiB,kratos.local.cal224.yml,800,1024.0,1,-9,0,12,0.6051166376727944,2775.1338965833224,3100.0,4400.0,4400.0,4393.008828999996,104,92
cal224_1536_r2_r2,open,,2,20,20,1536,1400MiB,kratos.local.cal224.yml,802,1536.0,1,-9,5,10,0.7978778469451476,3830.355314133335,4500.0,6200.0,6200.0,6235.041663999993,39,19
cal224_1024_r4_r2,open,,4,24,20,1024,900MiB,kratos.local.cal224.yml,802,1024.0,1,-9,1,8,0.47580986716998236,2208.040874888891,2800.0,4300.0,4300.0,4280.467867000027,85,75
cal224_1024_c4_r0,closed,4,,,20,1024,900MiB,kratos.local.cal224.yml,800,993.5,0,,35,0,1.9192922559601446,2041.2730891714284,1800.0,4700.0,4700.0,4715.038804000016,74,0
cal224_1024_c4_r2,closed,4,,,20,1024,900MiB,kratos.local.cal224.yml,802,992.9,0,,35,0,1.9148307600254943,2036.7630678000007,1700.0,5100.0,5100.0,5055.855765999979,74,0
cal224_1024_r2_r0,open,,2,20,20,1024,900MiB,kratos.local.cal224.yml,800,1024.0,1,-9,0,10,0.5285709376291047,2986.9608484999853,2900.0,5300.0,5300.0,5251.88230699996,50,40
cal224_1024_r4_r1,open,,4,24,20,1024,900MiB,kratos.local.cal224.yml,801,1024.0,1,-9,0,14,0.7036276725347864,2272.7459112142983,2100.0,4600.0,4600.0,4636.464867000086,77,63
cal224_1536_c4_r0,closed,4,,,20,1536,1400MiB,kratos.local.cal224.yml,800,1434.1,0,,30,0,1.5840755321904074,2352.886217699995,1600.0,5300.0,6100.0,6149.158739000086,64,0
cal224_1024_r2_r1,open,,2,20,20,1024,900MiB,kratos.local.cal224.yml,801,1024.0,1,-9,0,9,0.5245622732130192,2452.735415555556,2000.0,4300.0,4300.0,4347.790671999974,41,32
cal224_1536_r4_r0,open,,4,24,20,1536,1400MiB,kratos.local.cal224.yml,800,1536.0,1,-9,0,18,0.9465282994044232,4663.0651366666525,5900.0,7700.0,7700.0,7680.927624999981,87,69
cal224_1536_c4_r1,closed,4,,,20,1536,1400MiB,kratos.local.cal224.yml,801,1446.5,0,,35,0,1.8387602200740887,2107.318416542866,1500.0,4700.0,5000.0,5037.79064899993,74,0
cal224_1536_c8_r2,closed,8,,,20,1536,1400MiB,kratos.local.cal224.yml,802,1536.0,1,-9,0,8,0.42012223103242474,7141.549141000013,7100.0,7200.0,7200.0,7153.05717800004,23987,23979
cal224_1024_c8_r0,closed,8,,,20,1024,900MiB,kratos.local.cal224.yml,800,1024.0,1,-9,0,8,0.42032172373931853,4192.658986624991,4200.0,4200.0,4200.0,4197.741958000051,30666,30658
cal224_1024_c8_r2,closed,8,,,20,1024,900MiB,kratos.local.cal224.yml,802,1024.0,1,-9,0,8,0.41986120383646147,3611.3033426249926,3600.0,3600.0,3600.0,3641.2606830000414,31145,31137
cal224_1536_r4_r1,open,,4,24,20,1536,1400MiB,kratos.local.cal224.yml,801,1536.0,1,-9,0,17,0.8670999817442825,4196.886670000007,5100.0,7600.0,7600.0,7613.410202000068,73,56
cal224_1536_c8_r1,closed,8,,,20,1536,1400MiB,kratos.local.cal224.yml,801,1536.0,1,-9,0,8,0.4203442283524382,7083.569756374999,7200.0,7200.0,7200.0,7238.679423999997,23316,23308
cal224_1024_c8_r1,closed,8,,,20,1024,900MiB,kratos.local.cal224.yml,801,1024.0,1,-9,0,8,0.4203969293252501,3471.755136375009,3500.0,3500.0,3500.0,3513.6125029999903,30924,30916
cal224_1536_c4_r2,closed,4,,,20,1536,1400MiB,kratos.local.cal224.yml,802,1432.4,0,,31,0,1.633892609939498,2282.0754026129107,1500.0,5600.0,7000.0,7021.941251000044,66,0
